Зарплата,ДМС,Обучение,Фитнес,Ссылка,Работодатель
180000,,1,,https://hh.ru/vacancy/106652554,ООО Контент
120000,,,,https://hh.ru/vacancy/107792001,ООО «ПЕРВАЯ СВОБОДНАЯ ПЛАТФОРМА ЛЕГАЛЬНОЙ МУЗЫКИ»
180000,,,,https://hh.ru/vacancy/106703796,Adv.Cake
70000,,,,https://hh.ru/vacancy/107400132,ООО Бизнес Технологии
100000,,,,https://hh.ru/vacancy/106697999,Сметтер
110000,,,,https://hh.ru/vacancy/107485902,Гроу Медиа
150000,1,,,https://hh.ru/vacancy/107496692,ООО Газворкерс
120000,,,,https://hh.ru/vacancy/106995027,Perfect Panel
80000,,,,https://hh.ru/vacancy/106492415,AT-WORK
100000,1,,,https://hh.ru/vacancy/107832097,Fora Soft (Фора Софт)
150000,,,,https://hh.ru/vacancy/105342320,ООО Эпэйс
90000,,,,https://hh.ru/vacancy/107690202,HUMANS
130000,,,,https://hh.ru/vacancy/107155704,ЕМЕ
180000,,,,https://hh.ru/vacancy/107676239,Softintermob LLC
120000,,,,https://hh.ru/vacancy/107017351,ООО Ритейл-Процессинг
150000,,,,https://hh.ru/vacancy/107594803,ООО Передовые Системы Обучения и Контроля
110000,,,1,https://hh.ru/vacancy/107643857,Кофемания
100000,1,,,https://hh.ru/vacancy/83607531,InlyIT
110000,,,,https://hh.ru/vacancy/107516027,ООО Студия Три Розы
160000,,,1,https://hh.ru/vacancy/107651098,ООО Фитмост
90000,,,,https://hh.ru/vacancy/107574026,ItPelag
80000,,,,https://hh.ru/vacancy/107396462,Силантьев Олег Игоревич
70000,,1,,https://hh.ru/vacancy/101071632,ООО Винчи Интерактив
80000,,,,https://hh.ru/vacancy/106918616,ООО УМАРТА
90000,,1,,https://hh.ru/vacancy/106801781,ООО Грин Гоу Систем
126000,1,1,,https://hh.ru/vacancy/106922654,ООО Фаст Софт
125000,,,,https://hh.ru/vacancy/106581536,Radium Finance
100000,,,,https://hh.ru/vacancy/107268165,Aezakmi Group
90000,,,,https://hh.ru/vacancy/107589755,MVKANEPE GMBH
80000,,,,https://hh.ru/vacancy/107392767,ООО Секвойя Сервис
100000,,,,https://hh.ru/vacancy/107383853,ООО Джой Дев
70000,,1,,https://hh.ru/vacancy/106998742,UXART
80000,,,,https://hh.ru/vacancy/105330695,РосКвартал